ID	block	new_block	x_t	b_t	delta_t	a_t	e_t	mu_t	c_t	tac	r_t	kappa_t	v_t	RT	initRT	confidence	confidenceRT
99003	1	1	168	154.642152479581	13.357847520419	NaN	-11.642152479581	143	1	0	1	16	0	2.22905629966408	0.248024999629706	0	NaN
99003	1	0	117	159.065631580557	-42.0656315805573	4.42347910097629	-16.0656315805573	143	0	1	0	16	0	5.97219649981707	0.285514399874955	0	NaN
99003	1	0	154	117.677450793376	36.3225492066242	-41.3881807871815	25.3225492066242	143	0	2	0	16	0	6.71310510020703	0.342170900199562	0	NaN
99003	1	0	153	143.068626219472	9.93137378052847	25.3911754260957	-0.0686262194715101	143	0	3	1	16	1	6.38818740006536	0.170870900154114	0	NaN
99003	1	0	121	148.150948680945	-27.1509486809447	5.08232246147318	-5.15094868094468	143	0	4	0	16	0	2.37011210015044	0.339274300262332	0	NaN
99003	1	0	123	130.571791156617	-7.57179115661674	-17.5791575243279	12.4282088433833	143	0	5	1	16	0	2.81459339987487	0.581893300171942	0	NaN
99003	1	0	143	142.917503034828	0.0824969651716797	12.3457118782116	0.0824969651716797	143	0	6	1	16	1	3.68421090021729	0.302255300339311	0	NaN
99003	1	0	133	143.47981792685	-10.47981792685	0.562314892021706	-0.479817926850027	143	0	7	1	16	0	5.1235696002841	0.440886000171304	0	NaN
99003	1	0	159	143.790543182814	15.2094568171861	0.310725255963914	-0.790543182813939	143	0	8	0	16	1	3.56823999993503	0.167230800259858	0	NaN
99003	1	0	132	154.69862137458	-22.6986213745803	10.9080781917664	-11.6986213745803	143	0	9	0	16	0	4.07444840017706	0.674499500077218	0	NaN
99003	1	0	152	143.405560710291	8.59443928970881	-11.2930606642891	-0.405560710291186	143	0	10	1	16	0	1.45846899971366	0.492664000019431	0	NaN
99003	1	0	134	147.587693381649	-13.5876933816488	4.18213267135759	-4.58769338164878	143	0	11	1	16	0	2.83165170019493	0.467114199884236	0	NaN
99003	1	0	143	140.483590444464	2.51640955553555	-7.10410293718433	2.51640955553555	143	0	12	1	16	0	2.21018829988316	0.260491800028831	0	NaN
99003	1	0	153	142.815293546767	10.1847064532331	2.33170310230244	0.184706453233117	143	0	13	1	16	0	1.7390089998953	0.173238399904221	0	NaN
99003	1	0	89	148.348727113287	-59.3487271132874	5.53343356652048	-58.3487271132874	90	1	0	0	16	0	3.35922240000218	0.409926900174469	0	NaN
99003	1	0	82	111.960564020096	-29.9605640200965	-36.3881630931909	-21.9605640200965	90	0	1	0	16	0	2.71895089978352	0.0688531999476254	0	NaN
99003	1	0	96	77.1148306002967	18.8851693997033	-34.8457334197997	12.8851693997033	90	0	2	0	16	0	1.49926739977673	0.0660472996532917	0	NaN
99003	1	0	103	87.5762286558864	15.4237713441136	10.4613980555897	2.42377134411356	90	0	3	0	16	0	2.10079149994999	0.383502199780196	0	NaN
99003	1	0	100	106.107133733881	-6.10713373388086	18.5309050779944	-16.1071337338809	90	0	4	1	16	0	1.65640749968588	0.156940199900419	0	NaN
99003	1	0	73	102.715336988895	-29.7153369888948	-3.39179674498608	-12.7153369888948	90	0	5	0	16	0	2.11168970027938	0.246632299851626	0	NaN
99003	1	0	92	82.9210783953878	9.0789216046122	-19.794258593507	7.0789216046122	90	0	6	1	16	0	1.5267650000751	0.363367199897766	0	NaN
99003	1	0	89	87.1014232007183	1.89857679928173	4.18034480533047	2.89857679928173	90	0	7	1	16	0	3.939331300091	0.0726700997911394	0	NaN
99003	1	0	124	89.400066119746	34.5999338802539	2.29864291902777	0.599933880253955	90	0	8	0	16	0	1.90984870027751	0.0759052000939846	0	NaN
99003	1	0	90	111.801409486352	-21.8014094863518	22.4013433666058	-21.8014094863518	90	0	9	0	16	0	1.42825240036473	0.0444886004552245	0	NaN
99003	1	0	100	96.921117638435	3.078882361565	-14.8802918479168	-6.921117638435	90	0	10	1	16	0	1.39520379994065	0.113568200264126	0	NaN
99003	1	0	89	99.3147797542898	-10.3147797542898	2.39366211585476	-9.31477975428976	90	0	11	1	16	0	1.93962850002572	0.22258559986949	0	NaN
99003	1	0	79	90.7298430640241	-11.7298430640241	-8.58493669026564	-0.729843064024116	90	0	12	1	16	0	2.7596467002295	0.3420076998882	0	NaN
99003	1	0	105	81.8218710187744	23.1781289812256	-8.90797204524972	8.1781289812256	90	0	13	1	16	0	1.77696030028164	0.180325400084257	0	NaN
99003	1	0	314	98.8806591505202	-144.88065915052	17.0587881317458	-131.88065915052	327	1	0	0	16	0	2.75811330042779	0.0403267000801861	0	NaN
99003	1	0	313	326.30993247402	-13.3099324740202	-132.5707266765	0.690067525979772	327	0	1	0	16	1	2.97277939971536	0.588321099989116	0	NaN
99003	1	0	346	314.693608377729	31.3063916222707	-11.616324096291	12.3063916222707	327	0	2	0	16	0	3.58636200008914	0.486184900160879	0	NaN
99003	1	0	313	331.858398767738	-18.8583987677382	17.164790390009	-4.85839876773825	327	0	3	0	16	0	1.90192400012165	0.40497720008716	0	NaN
99003	1	0	350	318.483271468998	31.5167285310024	-13.3751272987406	8.51672853100238	327	0	4	0	16	0	3.330833400134	0.113329700194299	0	NaN
99003	1	0	335	336.705436746106	-1.70543674610552	18.2221652771079	-9.70543674610553	327	0	5	1	16	0	1.96044780034572	0.0792809003032744	0	NaN
99003	1	0	323	335.361603275386	-12.3616032753861	-1.34383347071943	-8.3616032753861	327	0	6	1	16	0	2.80057930015028	0.303110199980438	0	NaN
99003	1	0	347	323.829744667909	23.1702553320909	-11.5318586074771	3.17025533209095	327	0	7	1	16	0	2.18804259970784	0.437145399861038	0	NaN
99003	1	0	322	334.653824058053	-12.6538240580532	10.8240793901442	-7.65382405805325	327	0	8	1	16	0	3.16473940014839	0.316185700241476	0	NaN
99003	1	0	330	328.038656583023	1.96134341697705	-6.61516747503034	-1.03865658302291	327	0	9	1	16	0	4.22936890041456	0.246461400296539	0	NaN
99003	1	0	303	329.167055522631	-26.1670555226312	1.12839893960828	-2.16705552263119	327	0	10	0	16	0	1.92594669992104	0.378975000232458	0	NaN
99003	1	0	334	313.929175545213	20.0708244547869	-15.2378799774181	13.070824454787	327	0	11	0	16	0	3.41641609976068	0.100926800165325	0	NaN
99003	1	0	330	326.564956514708	3.43504348529225	12.6357809694947	0.435043485292278	327	0	12	1	16	0	1.75489179976285	0.304475700017065	0	NaN
99003	1	0	322	326.821488340607	-4.82148834060722	0.2565318258995	0.178511659392784	327	0	13	1	16	1	3.53237000014633	0.246889700181782	0	NaN
99003	1	0	334	323.267173335511	10.7328266644893	-3.55431500509659	3.73282666448937	327	0	14	1	16	0	4.36766610015184	0.469021399971098	0	NaN
99003	1	0	353	328.518382816912	24.4816171830881	5.25120948140133	-1.51838281691195	327	0	15	0	16	0	4.49823989998549	0.0625612000003457	0	NaN
99003	1	0	304	327.742028658185	-23.7420286581848	-0.776354158727118	-0.742028658184834	327	0	16	1	16	1	5.675614700187	0.156432300340384	0	NaN
99003	1	0	235	302.207697972859	-67.207697972859	-25.5343306853258	-61.207697972859	241	1	0	0	16	0	3.26910729985684	0.48753729974851	0	NaN
99003	1	0	250	260.188743132004	-10.1887431320039	-42.0189548408551	-19.1887431320039	241	0	1	0	16	0	1.32614029990509	0.111527499742806	0	NaN
99003	1	0	234	249.851585859712	-15.8515858597122	-10.3371572722918	-8.85158585971217	241	0	2	1	16	0	2.11647159978747	0.502170899882913	0	NaN
99003	1	0	255	233.70737027152	21.2926297284796	-16.1442155881918	7.29262972847963	241	0	3	1	16	0	2.18539080023766	0.168235099874437	0	NaN
99003	1	0	245	245.282559088917	-0.282559088916555	11.5751888173962	-4.28255908891656	241	0	4	1	16	0	2.06872460013255	0.371533300261945	0	NaN
99003	1	0	221	244.334808537826	-23.3348085378265	-0.94775055109013	-3.33480853782643	241	0	5	0	16	0	2.27879519993439	0.631266599986702	0	NaN
99003	1	0	252	229.945966547104	22.0540334528959	-14.3888419907223	11.0540334528959	241	0	6	0	16	0	2.2599939997308	0.412240599747747	0	NaN
99003	1	0	241	240.983415656134	0.0165843438658225	11.0374491090301	0.0165843438658225	241	0	7	1	16	0	1.74433249980211	0.246756199747324	0	NaN
99003	1	0	232	240.871178611457	-8.87117861145699	-0.112237044677183	0.128821388543006	241	0	8	0	16	0	1.80009869998321	0.133739800192416	0	NaN
99003	1	0	230	241.205998688994	-11.2059986889943	0.334820077537297	-0.205998688994294	241	0	9	1	16	1	3.63179269991815	0.39976800000295	0	NaN
99003	1	0	244	240.580923848252	3.41907615174838	-0.625074840742715	0.419076151748419	241	0	10	1	16	0	5.01176230004057	0.661042800173163	0	NaN
99003	1	0	205	242.62801936782	-37.6280193678197	2.04709551956805	-22.6280193678196	220	1	0	0	16	0	3.25693570030853	0.00142320012673736	0	NaN
99003	1	0	210	220.405746668734	-10.4057466687336	-22.222272699086	-0.405746668733608	220	0	1	1	16	0	1.64257809985429	0.0589937996119261	0	NaN
99003	1	0	221	215.016505572928	5.98349442707156	-5.38924109580517	4.98349442707157	220	0	2	1	16	0	3.74477740004659	0.511677599977702	0	NaN
99003	1	0	208	218.966746993799	-10.9667469937993	3.95024142087086	1.0332530062007	220	0	3	1	16	0	3.50049859983847	0.515372199937701	0	NaN
99003	2	1	340	160.832876599514	179.167123400486	NaN	-177.832876599514	343	1	0	0	8	0	2.79518540017307	1.51426109997556	0	NaN
99003	2	0	309	339.590117166196	-30.590117166196	178.757240566682	3.40988283380397	343	0	1	0	8	0	3.94659300008789	0.11068919999525	0	NaN
99003	2	0	9	308.487576970712	60.5124230292879	-31.1025401954839	34.5124230292879	343	0	2	0	8	0	3.52430779999122	0.057538699824363	0	NaN
99003	2	0	4	354.746197248738	9.25380275126225	46.2586202780257	-11.7461972487378	343	0	3	0	8	0	2.60244239959866	0.20414699986577	0	NaN
99003	2	0	341	359.646326840754	-18.6463268407536	4.90012959201581	-16.6463268407536	343	0	4	0	8	0	4.64344480028376	0.443730900064111	0	NaN
99003	2	0	322	349.066183214244	-27.0661832142441	-10.5801436265094	-6.06618321424417	343	0	5	0	8	0	2.56447080010548	0.53285780036822	0	NaN
99003	2	0	341	327.994616791916	13.0053832080835	-21.0715664223277	15.0053832080835	343	0	6	1	8	0	1.92877869959921	0.196037999819964	0	NaN
99003	2	0	14	334.819471529595	39.1805284704049	6.82485473767866	8.18052847040485	343	0	7	1	8	0	2.30168600007892	0.387007399927825	0	NaN
99003	2	0	12	354.644174957145	17.3558250428552	19.8247034275497	-11.6441749571448	343	0	8	1	8	0	2.03069829987362	0.283605600241572	0	NaN
99003	2	0	329	4.56180798745697	-35.561807987457	9.91763303031217	-21.561807987457	343	0	9	1	8	0	1.65119919972494	0.351310200057924	0	NaN
99003	2	0	345	346.940690974175	-1.94069097417475	-17.6211170132822	-1.94069097417475	345	1	0	1	8	0	1.44002819992602	0.473288800101727	0	NaN
99003	2	0	4	345.878999523612	18.1210004763876	-1.06169145056239	-0.878999523612356	345	0	1	0	8	0	1.77102450001985	0.254319500178099	0	NaN
99003	2	0	335	355.992195457628	-20.9921954576276	10.1131959340153	-10.9921954576277	345	0	2	1	8	0	2.05190519988537	0.636638899799436	0	NaN
99003	2	0	343	344.16199999863	-1.16199999863048	-11.8301954589972	0.838000001369552	345	0	3	1	8	0	2.04299640003592	0.0919734998606145	0	NaN
99003	2	0	350	342.967115506119	7.03288449388063	-1.19488449251108	2.03288449388063	345	0	4	1	8	0	2.68332620011643	0.41705199982971	0	NaN
99003	2	0	347	349.973962909679	-2.9739629096787	7.00684740355931	-4.97396290967867	345	0	5	1	8	0	2.93577549979091	0.58779380004853	0	NaN
99003	2	0	340	348.384329875534	-8.38432987553381	-1.58963303414486	-3.38432987553382	345	0	6	1	8	0	1.80450980039313	0.224054899998009	0	NaN
99003	2	0	334	344.475889003246	-10.4758890032458	-3.90844087228809	0.524110996754273	345	0	7	0	8	0	4.35288889985532	1.77082919981331	0	NaN
99003	2	0	321	338.056593829115	-17.0565938291151	-6.41929517413068	6.94340617088495	345	0	8	1	8	0	1.32372769992799	0.32577220024541	0	NaN
99003	2	0	311	325.784297867563	-14.7842978675626	-12.2722959615525	19.2157021324374	345	0	9	1	8	0	2.99552910029888	0.46422309987247	0	NaN
99003	2	0	336	316.771469740034	19.2285302599659	-9.01282812752853	-19.7714697400341	297	1	0	0	8	0	2.78441670024768	0.903264100197703	0	NaN
99003	2	0	286	325.669782804497	-39.6697828044967	8.89831306446259	-28.6697828044967	297	0	1	0	8	0	1.93543410021812	0.371290499810129	0	NaN
99003	2	0	282	294.044223269368	-12.0442232693677	-31.6255595351289	2.95577673063225	297	0	2	1	8	0	2.17493679979816	0.627619400154799	0	NaN
99003	2	0	278	288.043412005331	-10.0434120053313	-6.00081126403648	8.95658799466873	297	0	3	1	8	0	2.25112049980089	0.134767499752343	0	NaN
99003	2	0	287	281.888658039628	5.11134196037197	-6.15475396570323	15.111341960372	297	0	4	1	8	0	1.54152079997584	0.460866800043732	0	NaN
99003	2	0	295	283.650419134757	11.349580865243	1.76176109512903	13.3495808652429	297	0	5	1	8	0	1.71496890019625	0.384452200029045	0	NaN
99003	2	0	281	289.418470742061	-8.41847074206111	5.76805160730407	7.58152925793886	297	0	6	1	8	0	3.42061269981787	0.103267699945718	0	NaN
99003	2	0	338	285.113473059576	52.886526940424	-4.30499768248513	23.886526940424	309	1	0	0	8	0	1.55853370018303	0.108168799895793	0	NaN
99003	2	0	306	317.0273227005	-11.0273227005003	31.9138496409242	-8.02732270050023	309	0	1	1	8	0	1.70094909984618	0.235932699870318	0	NaN
99003	2	0	305	309.44005273669	-4.44005273669039	-7.58726996380985	-0.440052736690379	309	0	2	1	8	1	5.94451289996505	0.460539400111884	0	NaN
99003	2	0	271	307.195901408056	-36.1959014080561	-2.24415132863431	1.80409859194394	309	0	3	0	8	0	1.73515819991007	0.403274999931455	0	NaN
99003	2	0	306	280.871452925855	25.1285470741451	-26.3244484822012	28.1285470741452	309	0	4	0	8	0	2.55993949994445	0.812132199760526	0	NaN
99003	2	0	313	294.749366490718	18.2506335092825	13.8779135648627	14.2506335092825	309	0	5	1	8	0	2.20884770015255	0.111627500038594	0	NaN
99003	2	0	318	304.824489156957	13.1755108430432	10.0751226662393	4.17551084304322	309	0	6	1	8	0	1.39892859989777	0.417815699707717	0	NaN
99003	2	0	324	310.041549080515	13.9584509194854	5.21705992355784	-1.04154908051463	309	0	7	1	8	1	2.5856616999954	0.0848054997622967	0	NaN
99003	2	0	286	317.683775159469	-31.683775159469	7.64222607895432	-8.68377515946895	309	0	8	0	8	0	2.40134149976075	0.602302499581128	0	NaN
99003	2	0	272	300.618605408909	-28.6186054089094	-17.0651697505596	8.38139459109062	309	0	9	0	8	0	2.67573820007965	0.49444320006296	0	NaN
99003	2	0	304	282.200468727381	21.7995312726193	-18.4181366815286	26.7995312726192	309	0	10	0	8	0	1.18286139983684	0.133611099794507	0	NaN
99003	2	0	328	292.804540471321	35.195459528679	10.6040717439403	6.19545952867898	299	1	0	0	8	0	1.16659989999607	0.136809899937361	0	NaN
99003	2	0	271	311.543380827958	-40.543380827958	18.738840356637	-12.543380827958	299	0	1	0	8	0	2.03550019999966	0.303282999899238	0	NaN
99003	2	0	273	291.214115686994	-18.2141156869941	-20.3292651409639	7.78588431300595	299	0	2	0	8	0	1.45846060011536	0.0588417998515069	0	NaN
99003	2	0	345	280.454835077754	64.5451649222465	-10.7592806092406	18.5451649222465	299	0	3	0	8	0	1.29403360001743	0.0616292003542185	0	NaN
99003	2	0	312	311.689058485389	0.310941514611415	31.2342234076351	-12.6890584853885	299	0	4	1	8	0	4.12206239998341	0.154395199846476	0	NaN
99003	2	0	348	311.221802292838	36.7781977071615	-0.467256192550131	-12.2218022928384	299	0	5	0	8	0	1.63454880006611	0.550944900140166	0	NaN
99003	2	0	319	329.317931363128	-10.317931363128	18.0961290702895	-30.3179313631279	299	0	6	1	8	0	2.81267770007253	0.347908800002187	0	NaN
99003	2	0	291	323.555558243413	-32.5555582434128	-5.7623731197151	-24.5555582434128	299	0	7	0	8	0	1.56131430016831	0.180519800167531	0	NaN
99003	2	0	311	302.417037505923	8.58296249407691	-21.1385207374898	-3.41703750592306	299	0	8	1	8	0	1.71134410006925	0.064385499805212	0	NaN
99003	2	0	320	306.662555561153	13.3374444388468	4.24551805523013	-7.66255556115318	299	0	9	1	8	0	1.74540669983253	0.331009599845856	0	NaN
99003	2	0	309	314.52254622269	-5.52254622269043	7.85999066153724	-15.5225462226904	299	0	10	1	8	0	3.50717880018055	0.172741699963808	0	NaN
99003	2	0	268	311.474384802826	-43.4743848028255	-3.04816141986492	-12.4743848028255	299	0	11	1	8	0	1.58033460006118	0.666984500363469	0	NaN
99003	2	0	297	299.577838681261	-2.57783868126132	-11.8965461215642	-0.577838681261292	299	0	12	1	8	1	2.25634639989585	0.439339099917561	0	NaN
99003	2	0	303	297.847578259788	5.15242174021178	-1.73026042147312	1.15242174021182	299	0	13	0	8	0	3.54604250006378	2.11408089986071	0	NaN
99003	2	0	317	300.39555255321	16.6044474467902	2.54797429342166	-1.39555255320984	299	0	14	1	8	0	1.56803450034931	0.337195300031453	0	NaN
99003	2	0	211	309.093858886229	-98.0938588862295	8.69830633301963	-141.093858886229	168	1	0	0	8	0	1.48948459979147	0.506250999867916	0	NaN
99003	2	0	161	238.614182744829	-77.6141827448293	-70.4796761414002	-70.6141827448293	168	0	1	0	8	0	3.02257509995252	0.540811100043356	0	NaN
99003	2	0	189	168.023867555797	20.9761324442034	-70.5903151890327	-0.0238675557966353	168	0	2	0	8	1	3.54618889978155	0.331145300064236	0	NaN
99003	2	0	216	181.988637856474	34.0113621435259	13.9647703006774	-13.9886378564741	168	0	3	1	8	0	1.70426309993491	0.17310870019719	0	NaN
99003	2	0	164	204.476161510871	-40.476161510871	22.4875236543969	-36.476161510871	168	0	4	0	8	0	1.63262460008264	0.351851399987936	0	NaN
99003	2	0	121	185.273895957352	-64.2738959573518	-19.2022655535192	-17.2738959573518	168	0	5	0	8	0	1.83597030024976	0.305869699921459	0	NaN
99003	2	0	183	135	48	-50.2738959573518	33	168	0	6	0	8	0	1.13651680015028	0.155369200278074	0	NaN
99003	3	1	110	36.2538377374448	73.7461622625552	NaN	65.7461622625552	102	1	0	0	16	0	3.43451769975945	1.36717909993604	0	NaN
99003	3	0	87	110.915136629033	-23.9151366290332	74.6612988915884	-8.91513662903315	102	0	1	0	16	0	1.45388290006667	0.105900300201029	0	NaN
99003	3	0	69	94.5322617087015	-25.5322617087015	-16.3828749203317	7.46773829129855	102	0	2	1	16	0	1.71344360010698	0.0472932001575828	0	NaN
99003	3	0	79	78.3663660010596	0.63363399894041	-16.1658957076419	23.6336339989404	102	0	3	1	16	0	1.79092589998618	0.125692599918693	0	NaN
99003	3	0	106	79.1435866519378	26.8564133480622	0.777220650878179	22.8564133480622	102	0	4	1	16	0	1.3508982998319	0.369371599983424	0	NaN
99003	3	0	93	99.5571042216707	-6.55710422167066	20.4135175697329	2.44289577832933	102	0	5	1	16	0	1.89948780043051	0.41691070003435	0	NaN
99003	3	0	69	95.4403320310055	-26.4403320310055	-4.11677219066515	6.55966796899449	102	0	6	0	16	0	1.3676968999207	0.370511099696159	0	NaN
99003	3	0	105	80.2933475906603	24.7066524093397	-15.1469844403452	21.7066524093397	102	0	7	1	16	0	1.43985490035266	0.374843900091946	0	NaN
99003	3	0	115	95.1128497798825	19.8871502201175	14.8195021892222	6.88715022011753	102	0	8	1	16	0	2.46987280016765	0.588720100000501	0	NaN
99003	3	0	94	106.429301451533	-12.4293014515334	11.3164516716509	-4.4293014515334	102	0	9	0	16	0	1.40895660035312	0.394306899979711	0	NaN
99003	3	0	114	100.63476093874	13.3652390612597	-5.79454051279309	1.36523906125969	102	0	10	1	16	0	4.81199110019952	3.36375019978732	0	NaN
99003	3	0	94	106.918012852078	-12.9180128520781	6.28325191333777	-4.91801285207808	102	0	11	0	16	0	1.75740540027618	0.40732550015673	0	NaN
99003	3	0	96	100.875058247994	-4.87505824799411	-6.04295460408397	1.12494175200589	102	0	12	1	16	1	2.45961140003055	0.327056199777871	0	NaN
99003	3	0	95	98.9581323628623	-3.95813236286227	-1.91692588513184	3.04186763713773	102	0	13	1	16	0	0.974314299877733	0.210623399820179	0	NaN
99003	3	0	87	97.7552171073406	-10.7552171073406	-1.20291525552172	4.24478289265944	102	0	14	0	16	0	1.54402259970084	0.3101586997509	0	NaN
99003	3	0	107	91.1123996162978	15.8876003837022	-6.64281749104276	10.8876003837022	102	0	15	1	16	0	1.11756980000064	0.117293100338429	0	NaN
99003	3	0	78	99.2189261381074	-21.2189261381075	8.10652652180965	2.78107386189256	102	0	16	1	16	0	4.72930849995464	0.659644499886781	0	NaN
99003	3	0	112	89.2494432036357	22.7505567963643	-9.96948293447172	12.7505567963643	102	0	17	1	16	0	1.85903180018067	0.111105700023472	0	NaN
99003	3	0	313	99.8513273428081	-146.851327342808	10.6018841391723	-151.851327342808	308	1	0	0	16	0	2.06607129983604	0.235131199937314	0	NaN
99003	3	0	288	312.811417439597	-24.8114174395968	-147.039909903211	-4.81141743959676	308	0	1	0	16	0	6.5378101002425	0.686398500110954	0	NaN
99003	3	0	311	292.671343621981	18.3286563780192	-20.140073817616	15.3286563780192	308	0	2	0	16	0	4.10798169998452	0.474722299724817	0	NaN
99003	3	0	353	307.806529944704	45.1934700552955	15.1351863227237	0.193470055295514	308	0	3	0	16	1	2.0830755000934	0.317759800236672	0	NaN
99003	3	0	313	331.660867964104	-18.6608679641041	23.8543380193996	-23.6608679641041	308	0	4	0	16	0	1.76162609970197	0.663611499592662	0	NaN
99003	3	0	312	317.918434720782	-5.91843472078163	-13.7424332433225	-9.91843472078159	308	0	5	1	16	0	1.51725779986009	0.451540899928659	0	NaN
99003	3	0	341	312.797401838234	28.2025981617658	-5.12103288254743	-4.79740183823415	308	0	6	0	16	0	1.92399570019916	0.442522500175983	0	NaN
99003	3	0	20	327.572445004228	52.4275549957724	14.7750431659934	46.4275549957724	14	1	0	0	16	0	1.90505169983953	0.539560799952596	0	NaN
99003	3	0	22	23.0175617968814	-1.01756179688135	55.4451167926538	-9.01756179688135	14	0	1	1	16	0	1.04639140004292	0.130546299740672	0	NaN
99003	3	0	358	22.1480521510844	-24.1480521510844	-0.869509645796997	-8.14805215108436	14	0	2	0	16	0	2.97580330027267	0.34439710015431	0	NaN
99003	3	0	8	10.6347609387403	-2.63476093874033	-11.513291212344	3.36523906125967	14	0	3	1	16	0	1.67212329991162	0.522910899948329	0	NaN
99003	3	0	38	9.19880865433737	28.8011913456626	-1.43595228440296	4.80119134566263	14	0	4	0	16	0	2.25822660000995	0.459096799604595	0	NaN
99003	3	0	16	23.3944727573615	-7.39447275736154	14.1956641030242	-9.39447275736154	14	0	5	1	16	0	1.88821460027248	0.674610500223935	0	NaN
99003	3	0	5	19.4400348281762	-14.4400348281762	-3.95443792918536	-5.44003482817618	14	0	6	1	16	0	2.33888400020078	0.407701600342989	0	NaN
99003	3	0	34	12.8750015596125	21.1249984403875	-6.56503326856369	1.12499844038751	14	0	7	0	16	0	2.3978792000562	0.565665200352669	0	NaN
99003	3	0	352	28.5558142085112	-36.5558142085112	15.6808126488987	-14.5558142085112	14	0	8	0	16	0	1.69039490027353	0.591279300395399	0	NaN
99003	3	0	356	14.3493320429471	-18.3493320429472	-14.2064821655641	-0.34933204294714	14	0	9	0	16	1	1.72285989997908	0.525215199682862	0	NaN
99003	3	0	25	6.02557500836667	18.9744249916333	-8.32375703458047	7.97442499163333	14	0	10	0	16	0	3.0758917001076	0.193309800233692	0	NaN
99003	3	0	344	20.023988269877	-36.0239882698769	13.9984132615103	-6.02398826987695	14	0	11	0	16	0	2.77618269994855	0.143278399948031	0	NaN
99003	3	0	8	1.93058744116701	6.06941255883299	-18.0934008287099	12.069412558833	14	0	12	1	16	0	2.28378689987585	0.115687699988484	0	NaN
99003	3	0	24	5.99409294910845	18.0059070508916	4.06350550794144	8.00590705089155	14	0	13	0	16	0	2.38629839988425	0.4385751998052	0	NaN
99003	3	0	351	16.927513064147	-25.9275130641471	10.9334201150386	-2.92751306414704	14	0	14	0	16	0	1.31008569989353	0.279673099983484	0	NaN
99003	3	0	21	4.48460600954462	16.5153939904554	-12.4429070546024	9.51539399045538	14	0	15	0	16	0	1.74413069989532	0.127596999984235	0	NaN
99003	3	0	14	14.0989302913962	-0.0989302913962417	9.61432428185162	-0.0989302913962417	14	0	16	1	16	0	4.48329359991476	0.0504358997568488	0	NaN
99003	3	0	8	13.6547858582843	-5.6547858582843	-0.444144433111944	0.345214141715702	14	0	17	1	16	0	4.78333660028875	2.06795280007645	0	NaN
99003	3	0	308	12.3582850593176	-64.3582850593176	-1.29650079896669	-53.3582850593176	319	1	0	0	16	0	4.44320459989831	0.143227899912745	0	NaN
99003	3	0	300	330.329966184339	-30.3299661843394	-42.0283188749782	-11.3299661843394	319	0	1	0	16	0	2.60584500012919	0.674574300181121	0	NaN
99003	3	0	323	315.816123995586	7.18387600441443	-14.5138421887538	3.18387600441442	319	0	2	1	16	0	5.13199560018256	0.899272800423205	0	NaN
99003	3	0	315	319.474896506246	-4.47489650624609	3.6587725106605	-0.474896506246088	319	0	3	1	16	0	3.27757959999144	0.579870900139213	0	NaN
99003	3	0	340	317.376950814403	22.6230491855965	-2.09794569184261	1.62304918559653	319	0	4	0	16	0	3.15005060005933	0.736259700264782	0	NaN
99003	3	0	306	329.349332042947	-23.3493320429471	11.9723812285437	-10.3493320429471	319	0	5	0	16	0	2.35139330010861	0.0334443999454379	0	NaN
99003	3	0	322	315.731395753098	6.26860424690238	-13.6179362898495	3.26860424690237	319	0	6	1	16	0	2.36581700015813	0.551933099981397	0	NaN
99003	3	0	328	318.472793568595	9.5272064314046	2.74139781549777	0.527206431404597	319	0	7	1	16	0	1.90037220017985	0.151245600078255	0	NaN
99003	3	0	304	319.118189703989	-15.1181897039888	0.645396135393389	-0.118189703988789	319	0	8	1	16	1	2.367085700389	0.502544400282204	0	NaN
99003	3	0	323	310.971736333515	12.0282636664852	-8.14645337047396	8.02826366648517	319	0	9	0	16	0	2.03973029972985	0.556762799620628	0	NaN
99003	3	0	311	318.55173335482	-7.55173335482038	7.57999702130555	0.448266645179625	319	0	10	1	16	1	3.20522940019146	0.153430200181901	0	NaN
99003	3	0	321	314.731007706304	6.26899229369644	-3.82072564851684	4.26899229369646	319	0	11	1	16	0	3.26331609999761	0.682000100146979	0	NaN
99003	3	0	310	319.774958257735	-9.77495825773543	5.04395055143188	-0.774958257735427	319	0	12	0	16	1	5.32559250015765	0.957820800133049	0	NaN
99003	3	0	308	314.274775700941	-6.27477570094071	-5.50018255679469	4.72522429905927	319	0	13	0	16	0	2.56874539982527	0.621798499953002	0	NaN
99003	3	0	350	309.840128253041	40.1598717469594	-4.43464744790017	47.1598717469594	357	1	0	0	16	0	3.06271590013057	0.0616790000349283	0	NaN
99003	3	0	14	341.672547823017	32.3274521769825	31.8324195699769	15.3274521769825	357	0	1	0	16	0	2.38393600005656	0.269258399959654	0	NaN
99003	3	0	338	6.64527821027445	-28.6452782102745	24.972730387257	-9.64527821027449	357	0	2	0	16	0	2.75896449992433	0.191588699817657	0	NaN
99003	4	1	234	113.822774426708	120.177225573292	NaN	127.177225573292	241	1	0	0	8	0	4.64493389986455	0.995665799826384	0	NaN
99003	4	0	291	235.908708083541	55.0912919164592	122.085933656833	5.0912919164592	241	0	1	0	8	0	1.73282669996843	0.235033300239593	0	NaN
99003	4	0	208	264.616298323188	-56.6162983231882	28.7075902396474	-23.6162983231882	241	0	2	0	8	0	1.23178100027144	0.250573600176722	0	NaN
99003	4	0	216	233.350752532331	-17.3507525323314	-31.2655457908568	7.64924746766864	241	0	3	1	8	0	1.38272439967841	0.166022500023246	0	NaN
99003	4	0	248	226.273030020057	21.7269699799433	-7.07772251227466	14.7269699799433	241	0	4	1	8	0	1.93771910015494	0.404500599950552	0	NaN
99003	4	0	246	236.242525705692	9.75747429430811	9.96949568563518	4.75747429430811	241	0	5	1	8	0	1.64734899997711	0.381336600054055	0	NaN
99003	4	0	275	241.366474401499	33.6335255985006	5.12394869580753	-0.366474401499412	241	0	6	0	8	0	2.47278979979455	0.372735999990255	0	NaN
99003	4	0	305	261.821871018774	43.1781289812255	20.455396617275	-20.8218710187745	241	0	7	1	8	0	1.19164969958365	0.325244499836117	0	NaN
99003	4	0	75	284.429752249756	150.570247750244	22.6078812309813	127.570247750244	52	1	0	0	8	0	1.24532039975747	0.296458200085908	0	NaN
99003	4	0	26	46.193489423982	-20.193489423982	121.763737174226	5.80651057601796	52	0	1	0	8	0	1.73987640021369	0.358651500195265	0	NaN
99003	4	0	43	36.4308581201624	6.56914187983762	-9.76263130381965	15.5691418798376	52	0	2	0	8	0	1.16793290013447	0.287365899886936	0	NaN
99003	4	0	49	39.0194004752366	9.98059952476342	2.58854235507419	12.9805995247634	52	0	3	1	8	0	2.07393239997327	0.623260000254959	0	NaN
99003	4	0	67	45.2246881796245	21.7753118203755	6.2052877043879	6.77531182037553	52	0	4	1	8	0	2.27033139998093	0.606362299993634	0	NaN
99003	4	0	52	62.324089539971	-10.324089539971	17.0994013603465	-10.324089539971	52	0	5	1	8	0	1.68335669999942	0.369264400098473	0	NaN
99003	4	0	45	57.6367092379243	-12.6367092379243	-4.68738030204668	-5.63670923792432	52	0	6	1	8	0	1.79298879997805	0.32535450020805	0	NaN
99003	4	0	84	51.1988373135057	32.8011626864943	-6.43787192441863	0.801162686494306	52	0	7	1	8	0	2.36502820020542	0.367229000199586	0	NaN
99003	4	0	55	69.1932089872888	-14.1932089872888	17.9943716737831	-17.1932089872888	52	0	8	0	8	0	2.02601159969345	0.610667299944907	0	NaN
99003	4	0	64	61.4704284396086	2.52957156039139	-7.72278054768014	-9.47042843960861	52	0	9	1	8	0	1.27129009971395	0.440034599974751	0	NaN
99003	4	0	37	63.434948822922	-26.434948822922	1.96452038331341	-11.434948822922	52	0	10	0	8	0	1.4273089999333	0.110496799927205	0	NaN
99003	4	0	70	50.9431379529116	19.0568620470884	-12.4918108700104	1.05686204708837	52	0	11	1	8	0	1.56046140007675	0.126713400240988	0	NaN
99003	4	0	55	61.2940474565989	-6.29404745659889	10.3509095036873	-9.29404745659889	52	0	12	1	8	0	1.8444626997225	0.313977799843997	0	NaN
99003	4	0	189	59.0362434679265	129.963756532074	-2.25780398867243	120.963756532074	180	1	0	0	8	0	1.91970920003951	0.289488299749792	0	NaN
99003	4	0	134	119.248826336547	14.751173663453	60.2125828686205	60.751173663453	180	0	1	1	8	0	1.87498990027234	0.42462579999119	0	NaN
99003	4	0	190	134.454342406584	55.5456575934157	15.2055160700373	45.5456575934157	180	0	2	0	8	0	4.06084470031783	0.478272700216621	0	NaN
99003	4	0	200	170.607550659181	29.3924493408189	36.1532082525968	9.39244934081892	180	0	3	0	8	0	1.88216720009223	0.334137500263751	0	NaN
99003	4	0	165	180.347242897086	-15.3472428970858	9.73969223790471	-0.347242897085792	180	0	4	1	8	1	2.2335350997746	0.402703099884093	0	NaN
99003	4	0	204	172.049226573607	31.950773426393	-8.29801632347881	7.95077342639302	180	0	5	0	8	0	2.05747400037944	0.326607600320131	0	NaN
99003	4	0	169	191.30993247402	-22.3099324740202	19.2607059004132	-11.3099324740202	180	0	6	0	8	0	1.08598440000787	0.172263200394809	0	NaN
99003	4	0	181	178.344513460881	2.65548653911931	-12.9654190131395	1.6554865391193	180	0	7	1	8	0	2.2278562001884	0.0608108998276293	0	NaN
99003	4	0	157	178.854237161825	-21.8542371618249	0.509723700944195	1.1457628381751	180	0	8	0	8	0	2.46185949956998	0.730739599559456	0	NaN
99003	4	0	181	165.137184057655	15.862815942345	-13.7170531041699	14.862815942345	180	0	9	0	8	0	2.47771340003237	0.513287900015712	0	NaN
99003	4	0	165	173.395164503246	-8.39516450324604	8.25798044559103	6.60483549675397	180	0	10	1	8	0	1.74920560000464	0.301919800229371	0	NaN
99003	4	0	169	169.168185325025	-0.168185325025349	-4.22697917822068	10.8318146749747	180	0	11	1	8	0	2.82857540016994	0.444342399947345	0	NaN
99003	4	0	164	168.244937240301	-4.24493724030054	-0.923248084724797	11.7550627596995	180	0	12	1	8	0	2.49386150017381	0.0437787999399006	0	NaN
99003	4	0	39	166.759480084813	-127.759480084813	-1.48545715548774	-116.759480084813	50	1	0	0	8	0	2.27223129989579	0.306383300106972	0	NaN
99003	4	0	60	40.7886711629054	19.2113288370946	-125.970808921907	9.21132883709464	50	0	1	1	8	0	2.49766239989549	0.0308215999975801	0	NaN
99003	4	0	74	51.8234623990335	22.1765376009665	11.0347912361282	-1.82346239903353	50	0	2	0	8	1	1.66204189974815	0.147848799824715	0	NaN
99003	4	0	42	69.1772321007261	-27.1772321007261	17.3537697016926	-19.1772321007262	50	0	3	0	8	0	2.5354767004028	0.387338400352746	0	NaN
99003	4	0	35	49.8870098349215	-14.8870098349215	-19.2902222658046	0.112990165078489	50	0	4	1	8	0	1.55735909985378	0.0236269999295473	0	NaN
99003	4	0	46	42.2037137361546	3.79628626384539	-7.6832960987669	7.79628626384539	50	0	5	1	8	0	1.91211349982768	0.394698699936271	0	NaN
99003	4	0	4	44.4775605630413	-40.4775605630413	2.27384682688665	-50.4775605630413	354	1	0	0	8	0	7.08426109980792	4.86811179993674	0	NaN
99003	4	0	8	21.9268744964239	-13.9268744964239	-22.5506860666174	-27.9268744964239	354	0	1	1	8	0	2.06370919989422	0.413463199976832	0	NaN
99003	4	0	338	12.5533665501306	-34.5533665501306	-9.37350794629327	-18.5533665501306	354	0	2	0	8	0	3.26634309999645	0.59835010021925	0	NaN
99003	4	0	327	349.992020198559	-22.9920201985586	-22.561346351572	4.00797980144139	354	0	3	0	8	0	1.41328309988603	0.149352199863642	0	NaN
99003	4	0	356	334.025606037569	21.9743939624313	-15.96641416099	19.9743939624313	354	0	4	1	8	0	2.25641859974712	0.0560944997705519	0	NaN
99003	4	0	341	346.657166301577	-5.65716630157693	12.6315602640083	7.34283369842307	354	0	5	1	8	0	1.82572559965774	0.0412694998085499	0	NaN
99003	4	0	358	344.599829000471	13.4001709995294	-2.05733730110632	9.40017099952939	354	0	6	0	8	0	1.75854970002547	0.0931929000653327	0	NaN
99003	4	0	346	353.618439467407	-7.61843946740658	9.01861046693596	0.381560532593435	354	0	7	1	8	0	1.41313350014389	0.147529299836606	0	NaN
99003	4	0	349	348.572898406055	0.427101593945163	-5.04554106135172	5.42710159394516	354	0	8	1	8	0	2.25095100002363	0.303933499846607	0	NaN
99003	4	0	0	348.261428793278	11.7385712067223	-0.311469612777178	5.73857120672234	354	0	9	1	8	0	2.36101689981297	0.312535000033677	0	NaN
99003	4	0	42	354.059962747699	47.9400372523007	5.79853395442163	-0.059962747699296	354	0	10	0	8	0	1.49469309998676	0.0777864004485309	0	NaN
99003	4	0	357	18.1218602479013	-21.1218602479014	24.061897500202	-24.1218602479013	354	0	11	1	8	0	1.99608819978312	0.0966046997345984	0	NaN
99003	4	0	183	7.59464336859145	175.405356631409	-10.5272168793099	146.405356631409	154	1	0	0	8	0	1.89288449985906	0.175586999859661	0	NaN
99003	4	0	147	182.668634569344	-35.6686345693443	175.073991200753	-28.6686345693443	154	0	1	0	8	0	2.68662540009245	0.438430400099605	0	NaN
99003	4	0	125	164.931511840508	-39.9315118405078	-17.7371227288365	-10.9315118405078	154	0	2	0	8	0	1.28403329988942	0.350636499933898	0	NaN
99003	4	0	158	135.233859025873	22.7661409741267	-29.6976528146345	18.7661409741267	154	0	3	1	8	0	1.58464769972488	0.437319299671799	0	NaN
99003	4	0	152	146.798792449731	5.20120755026871	11.564933423858	7.20120755026871	154	0	4	1	8	0	1.55415849993005	0.420855199918151	0	NaN
99003	4	0	189	150.028505067927	38.9714949320727	3.22971261819597	3.97149493207273	154	0	5	0	8	0	2.79418199975044	1.36396769993007	0	NaN
99003	4	0	161	174.840128253041	-13.8401282530405	24.8116231851133	-20.8401282530405	154	0	6	1	8	0	1.97031809994951	0.169357100035995	0	NaN
99003	4	0	196	166.92608114175	29.0739188582503	-7.91404711129088	-12.9260811417497	154	0	7	0	8	0	2.19166050013155	0.594434699974954	0	NaN
99003	5	1	263	123.553540907061	139.446459092939	NaN	139.446459092939	263	1	0	0	16	0	3.02319359965622	0.643154099583626	0	4.73772920016199
99003	5	0	264	259.695153531234	4.30484646876604	136.141612624173	3.30484646876605	263	0	1	1	16	0	1.0216247998178	0.305596299935132	13	2.85192559985444
99003	5	0	271	262.199812115818	8.8001878841817	2.50465858458432	0.800187884181736	263	0	2	1	16	0	1.29383150022477	0.194767700042576	27	4.02001880016178
99003	5	0	260	268.798166935548	-8.79816693554788	6.5983548197296	-5.79816693554787	263	0	3	1	16	0	2.03990750014782	0.54154619993642	39	3.97036130027846
99003	5	0	272	265.442580980286	6.55741901971399	-3.35558595526186	-2.44258098028601	263	0	4	0	16	0	2.83547289995477	1.33810139959678	58	1.8180607999675
99003	5	0	274	271.921955958931	2.07804404106857	6.4793749786454	-8.92195595893141	263	0	5	1	16	0	1.91679050028324	0.167287200223655	41	2.81860070023686
99003	5	0	267	273.702212853199	-6.7022128531994	1.78025689426795	-10.7022128531994	263	0	6	1	16	0	2.38010820001364	1.09966759989038	56	3.38620229996741
99003	5	0	266	268.644140023893	-2.64414002389332	-5.05807282930607	-5.64414002389328	263	0	7	1	16	0	1.69789540022612	0.299673600122333	52	3.93642559973523
99003	5	0	252	265.672351796892	-13.6723517968918	-2.9717882270015	-2.67235179689179	263	0	8	1	16	0	1.29808400012553	0.251091099809855	62	2.1680514998734
99003	5	0	235	256.206191387823	-21.2061913878234	-9.46616040906839	6.79380861217661	263	0	9	0	16	0	1.20824490021914	0.460645300336182	62	2.9023893000558
99003	5	0	278	237.994616791916	40.0053832080835	-18.2115745959069	25.0053832080835	263	0	10	0	16	0	1.32040779991075	0.24013469973579	41	2.00185080012307
99003	5	0	258	262.539433873832	-4.53943387383164	24.5448170819151	0.460566126168401	263	0	11	1	16	0	1.4494467000477	0.13235400011763	25	1.93467140011489
99003	5	0	275	260.601767004074	14.398232995926	-1.93766686975765	2.39823299592605	263	0	12	0	16	0	1.83113690000027	0.616968999616802	52	2.86917719990015
99003	5	0	283	269.639653936613	13.3603460633872	9.03788693253882	-6.63965393661277	263	0	13	0	16	0	2.3687304998748	0.83874289970845	44	1.55201110010967
99003	5	0	261	281.239284199698	-20.2392841996977	11.5996302630849	-18.2392841996976	263	0	14	0	16	0	1.49446010030806	0.62754310015589	55	1.5849839001894
99003	5	0	265	268.745548377318	-3.74554837731849	-12.4937358223792	-5.74554837731847	263	0	15	1	16	0	1.59917249996215	0.332959200255573	38	1.73493340006098
99003	5	0	258	267.006867994021	-9.00686799402095	-1.73868038329757	-4.0068679940209	263	0	16	1	16	0	3.56879279995337	1.72151729976758	34	3.1697137998417
99003	5	0	262	262.252227963892	-0.252227963891891	-4.75464003012905	0.747772036108149	263	0	17	1	16	0	1.57437979988754	0.310415400192142	50	0.634004999883473
99003	5	0	265	262.092837297042	2.90716270295836	-0.15939066685023	0.907162702958379	263	0	18	1	16	0	1.89731149980798	0.881209299899638	59	1.38518110010773
99003	5	0	259	262.658774188636	-3.65877418863581	0.565936891594185	0.341225811364195	263	0	19	1	16	1	2.54125990020111	0.42664200020954	67	2.75304100010544
99003	5	0	287	260.537677791974	26.4623222080256	-2.12109639666146	2.46232220802565	263	0	20	1	16	0	1.80566210020334	0.408129999879748	65	1.91807430004701
99003	5	0	310	272.935673446421	37.0643265535788	12.3979956544468	34.0643265535788	307	1	0	0	16	0	1.13166039995849	0.234813800081611	57	2.8522076997906
99003	5	0	328	298.896416263813	29.1035837361874	25.9607428173915	8.10358373618737	307	0	1	0	16	0	1.26484640035778	0.581296100281179	58	1.26741110021248
99003	5	0	319	313.308211431736	5.69178856826446	14.4117951679229	-6.30821143173555	307	0	2	1	16	0	1.52440429991111	0.392250800039619	41	1.63475430011749
99003	5	0	320	317.063819728457	2.93618027154301	3.75560829672144	-10.063819728457	307	0	3	1	16	0	1.91547789983451	0.199635500088334	56	0.901274599600583
99003	5	0	285	317.611681377898	-32.6116813778984	0.547861649441404	-10.6116813778984	307	0	4	0	16	0	3.12488090014085	0.626843200065196	61	1.21785110002384
99003	5	0	326	295.0168934781	30.9831065219	-22.5947878997984	11.9831065219	307	0	5	0	16	0	1.86838829983026	0.0509982998482883	50	0.567088299896568
99003	5	0	313	314.309722802135	-1.30972280213501	19.292829324035	-7.30972280213505	307	0	6	1	16	0	2.3514937995933	0.471058399882168	61	1.31802539993078
99003	5	0	312	312.494907132759	-0.494907132758652	-1.8148156693764	-5.49490713275864	307	0	7	1	16	0	1.39017340028659	0.42641430022195	64	1.50127110024914
99003	5	0	313	311.63353933657	1.36646066342988	-0.861367796188485	-4.63353933657016	307	0	8	1	16	0	1.26152019994333	0.312559399753809	69	1.28489950019866
99003	5	0	308	312.53894534947	-4.53894534946968	0.905406012899563	-5.53894534946972	307	0	9	1	16	0	3.36530780000612	0.384269600268453	57	1.71864739991724
99003	5	0	132	310.691335083475	-178.691335083475	-1.84761026599457	-175.691335083475	135	1	0	0	16	0	1.27442410029471	0.24139910005033	62	1.51851470023394
99003	5	0	151	132.307824110493	18.692175889507	-178.383510972982	2.69217588950699	135	0	1	0	16	0	1.79101840034127	0.707423700019717	27	1.91797429975122
99003	5	0	128	142.352379359892	-14.3523793598923	10.0445552493993	-7.35237935989235	135	0	2	1	16	0	0.908415799960494	0.225275900214911	38	1.60093620000407
99003	5	0	136	134.575594580639	1.42440541936148	-7.77678477925382	0.424405419361465	135	0	3	1	16	0	1.04379500029609	0.346009499859065	40	1.78458340000361
99003	5	0	93	135.78842426244	-42.7884242624401	1.21282968180158	-0.788424262440113	135	0	4	0	16	0	4.21999620040879	2.46949790045619	59	2.26917690038681
99003	5	0	121	111.327575110265	9.67242488973454	-24.4608491521746	23.6724248897345	135	0	5	1	16	0	2.31456399988383	0.433463599998504	26	3.20258529996499
99003	5	0	126	116.479150522529	9.52084947747109	5.15157541226344	18.5208494774711	135	0	6	1	16	0	3.34481590008363	0.66152419988066	55	2.41870780009776
99003	5	0	108	121.886561770143	-13.8865617701433	5.40741124761441	13.1134382298567	135	0	7	1	16	0	1.68842040002346	0.324252600315958	57	1.61779789999127
99003	5	0	128	114.295776370658	13.704223629342	-7.59078539948533	20.704223629342	135	0	8	0	16	0	1.51621100027114	0.385603100061417	63	1.1839315998368
99003	5	0	110	121.859666890731	-11.859666890731	7.56389052007297	13.140333109269	135	0	9	1	16	0	1.11617749975994	0.586028299760073	62	1.53490990027785
99003	5	0	113	112.334232338248	0.665767661751947	-9.5254345524829	22.6657676617519	135	0	10	1	16	0	1.49882810004056	0.502085600048304	55	2.58598530013114
99003	5	0	130	112.301292865318	17.6987071346819	-0.0329394729299873	22.6987071346819	135	0	11	0	16	0	2.01967660011724	0.918925100006163	67	3.30268769990653
99003	5	0	99	119.284179548543	-20.2841795485431	6.98288668322506	15.7158204514569	135	0	12	1	16	0	0.976079499814659	0.0605391999706626	42	1.56832309998572
99003	5	0	115	107.02796694394	7.97203305606001	-12.2562126046031	10.97203305606	118	1	0	1	16	0	1.54047669982538	0.326515699736774	51	2.75201220018789
99003	5	0	109	110.208568337063	-1.20856833706259	3.18060139312261	7.79143166293742	118	0	1	1	16	0	4.55745160020888	2.70873570023105	61	4.72034369967878
99003	5	0	135	107.90091574397	27.0990842560301	-2.30765259309267	10.0990842560301	118	0	2	0	16	0	0.859103200025856	0.0433441000059247	71	1.58460650034249
99003	5	0	98	126.820843052082	-28.8208430520825	18.9199273081126	-8.82084305208246	118	0	3	0	16	0	1.82206040015444	0.291887600440532	42	2.45293320016935
99003	5	0	146	107.395311445554	38.6046885544459	-19.4255316065283	10.6046885544459	118	0	4	0	16	0	1.19714469974861	0.300276999827474	44	2.5851700999774
99003	5	0	246	128.470464001153	117.529535998847	21.0751525555986	132.529535998847	261	1	0	0	16	0	2.48818780016154	1.14157450012863	31	3.53677110001445
99003	5	0	242	246.757097214048	-4.75709721404752	118.286633212895	14.2429027859525	261	0	1	1	16	0	1.15939790010452	0.344276499934494	32	1.30056690005586
99003	5	0	285	244.311856564353	40.6881434356473	-2.44524064969487	16.6881434356473	261	0	2	1	16	0	1.49793960014358	0.300421399995685	56	2.31839089980349
99003	5	0	268	268.295271680993	-0.29527168099272	23.9834151166401	-7.29527168099274	261	0	3	1	16	0	1.72305799974129	0.490537200123072	57	2.33490530028939
99003	5	0	261	268.945595496478	-7.9455954964782	0.650323815485457	-7.9455954964782	261	0	4	1	16	0	1.45254369964823	0.321967299561948	65	2.30175270000473
99003	5	0	150	263.736509385665	-113.736509385665	-5.20908611081269	-119.736509385665	144	1	0	0	16	0	1.64201029995456	0.526061399839818	41	1.50171069987118
99003	5	0	153	164.119861222925	-11.1198612229247	-99.6166481627408	-20.1198612229247	144	0	1	1	16	0	2.1193932001479	0.119652499910444	32	1.88486710004508
99003	5	0	134	158.078221406041	-24.0782214060409	-6.04163981688384	-14.0782214060409	144	0	2	0	16	0	1.91984609980136	0.338867399841547	54	3.50264439964667
99003	5	0	141	142.847627504685	-1.84762750468486	-15.230593901356	1.15237249531513	144	0	3	1	16	0	1.61001070030034	0.56280570011586	50	0.934388299938291
99003	5	0	134	141.86254762393	-7.86254762392971	-0.985079880755156	2.13745237607028	144	0	4	0	16	0	2.73396919993684	1.33659199997783	66	1.48448630003259
99003	5	0	98	135.237740459293	-37.237740459293	-6.6248071646367	-30.237740459293	105	1	0	0	16	0	1.44952300004661	0.0323001001961529	40	1.78500659996644
99003	6	1	55	162.047192218671	-107.047192218671	NaN	-118.047192218671	44	1	0	0	8	0	2.64474079990759	0.111712099984288	0	2.81833590008318
99003	6	0	46	53.6575514771659	-7.65755147716589	-108.389640741505	-9.6575514771659	44	0	1	1	8	0	1.22564720036462	0.0768206003122032	20	2.17030359990895
99003	6	0	48	49.5377725079067	-1.53777250790665	-4.11977896925924	-5.53777250790666	44	0	2	1	8	0	1.3917127000168	0.342368700075895	54	2.93612500000745
99003	6	0	30	47.6630007660672	-17.6630007660672	-1.87477174183948	-3.66300076606717	44	0	3	0	8	0	2.28045840002596	0.0641600000672042	55	1.71786609990522
99003	6	0	332	34.6513159120045	-62.6513159120045	-13.0116848540626	-70.6513159120045	324	1	0	0	8	0	2.12741150008515	0.363302099984139	51	4.75382210034877
99003	6	0	356	340.10941787004	15.8905821299604	-54.541898041965	-16.1094178700396	324	0	1	0	8	0	1.18776150001213	0.390778299886733	34	2.46836780011654
99003	6	0	278	351.150741529299	-73.1507415292989	11.0413236592594	-27.1507415292989	324	0	2	0	8	0	1.2962552998215	0.264211299829185	43	1.85127020021901
99003	6	0	332	294.995696372329	37.004303627671	-56.1550451569699	29.004303627671	324	0	3	1	8	0	1.03123139962554	0.0644184998236597	33	2.23496949998662
99003	6	0	324	317.0273227005	6.97267729949975	22.0316263281712	6.97267729949975	324	0	4	0	8	0	1.3114872998558	0.264114199671894	33	1.58443959988654
99003	6	0	312	321.571922654316	-9.57192265431596	4.5445999538157	2.42807734568406	324	0	5	1	8	0	1.89625809993595	0.0791194997727871	38	1.20161540014669
99003	6	0	310	316.070824454787	-6.07082445478694	-5.501098199529	7.92917554521306	324	0	6	1	8	0	2.00826800009236	0.0919009000062943	55	1.31764289969578
99003	6	0	312	311.893972904384	0.106027095616462	-4.17685155040342	12.1060270956165	324	0	7	1	8	0	2.20177859999239	0.684831900056452	59	1.60154449986294
99003	6	0	189	309.805571092265	-120.805571092265	-2.08840181211834	-127.805571092265	182	1	0	0	8	0	1.2060797996819	0.356451800093055	50	0.633817099966109
99003	6	0	130	203.889193974978	-73.8891939749777	-105.916377117288	-21.8891939749777	182	0	1	0	8	0	4.14357780013233	0.075286400038749	17	2.18624660000205
99003	6	0	173	140.671286640456	32.3287133595445	-63.2179073345221	41.3287133595445	182	0	2	0	8	0	2.54573479993269	0.46359740011394	26	1.60117400018498
99003	6	0	175	159.015102164118	15.9848978358822	18.3438155236623	22.9848978358822	182	0	3	1	8	0	1.95405569998547	0.573513899929821	34	1.70150389987975
99003	6	0	155	181.660282368983	-26.6602823689828	22.645180204865	0.339717631017219	182	0	4	0	8	1	2.3966782996431	0.63170380005613	60	2.60191750014201
99003	6	0	192	162.434985312707	29.565014687293	-19.2252970562757	19.5650146872929	182	0	5	1	8	0	1.22911580000073	0.532089099753648	36	1.68467839993536
99003	6	0	210	178.892972954319	31.1070270456808	16.4579876416121	3.10702704568079	182	0	6	0	8	0	6.06667830003425	0.532240800093859	34	2.1847196999006
99003	6	0	184	182.227046967414	1.77295303258643	3.33407401309437	-0.227046967413577	182	0	7	1	8	1	3.28069370007142	0.232503100298345	38	1.93545169988647
99003	6	0	161	184.890402058054	-23.8904020580539	2.66335509064028	-2.89040205805386	182	0	8	0	8	0	3.76033869991079	0.293604400008917	64	1.5344205996953
99003	6	0	185	179.607569290659	5.39243070934088	-5.28283276739475	2.39243070934089	182	0	9	1	8	1	1.92191529972479	0.705712100025266	54	3.30231879977509
99003	6	0	206	181.114563272485	24.8854367275153	1.50699398182558	0.885436727515309	182	0	10	1	8	0	2.26413920009509	0.248978600371629	56	2.70214989967644
99003	6	0	231	196.113418233089	34.8865817669107	14.9988549606046	12.8865817669107	209	1	0	0	8	0	1.65994190005586	0.713221000041813	56	2.51943540014327
99003	6	0	235	209.875992691689	25.1240073083106	13.7625744586001	-0.875992691689427	209	0	1	1	8	1	1.64101770007983	0.393151300027966	57	1.23417419986799
99003	6	0	225	223.622016753695	1.37798324630491	13.7460240620057	-14.6220167536951	209	0	2	1	8	0	2.1003494001925	0.202377700246871	40	2.21835270011798
99003	6	0	240	223.437775083158	16.5622249168424	-0.184241670537482	-14.4377750831576	209	0	3	1	8	0	4.45192299969494	0.968397999648005	41	5.08839359972626
99003	6	0	241	233.130102354156	7.86989764584404	9.69232727099837	-24.130102354156	209	0	4	0	8	0	2.1121375001967	0.581268399953842	52	3.06960999965668
99003	6	0	251	238.934835114501	12.0651648854987	5.80473276034537	-29.9348351145013	209	0	5	1	8	0	1.6787316002883	0.464949500281364	41	2.1347334003076
99003	6	0	230	208.842660135412	21.1573398645879	-30.0921749790893	0.157339864587916	209	0	6	1	8	1	3.7250537998043	1.10964909987524	35	1.95129070011899
99003	6	0	62	219.035512898747	-157.035512898747	10.1928527633348	-155.035512898747	64	1	0	0	8	0	1.57710250001401	0.460180700290948	57	1.01770040020347
99003	6	0	74	62.5867556416982	11.4132443583018	-156.448757257049	1.41324435830183	64	0	1	1	8	0	1.56345700006932	0.316070800181478	36	1.35108410008252
99003	6	0	60	63.9832170592262	-3.98321705922621	1.39646141752803	0.0167829407738005	64	0	2	1	8	1	7.96933660004288	6.9209556998685	56	1.65118250017986
99003	6	0	67	63.434948822922	3.56505117707798	-0.54826823630418	0.56505117707798	64	0	3	1	8	0	1.40122690005228	0.354083399754018	65	1.80143380025402
99003	6	0	84	64.8913074572617	19.1086925427383	1.45635863433967	-0.891307457261692	64	0	4	0	8	0	1.71457270020619	0.233011099975556	62	1.61747739976272
99003	6	0	86	79.5013493581187	6.49865064188135	14.610041900857	-15.5013493581187	64	0	5	1	8	0	1.61069839959964	0.48053009994328	40	1.11797089967877
99003	6	0	61	84.6022512235196	-23.6022512235196	5.10090186540094	-20.6022512235196	64	0	6	0	8	0	1.45971400011331	0.529100500047207	56	1.21745570003986
99003	6	0	74	70.4454064965489	3.55459350345115	-14.1568447269707	-6.44540649654885	64	0	7	1	8	0	1.28654950018972	0.0359147000126541	42	3.18559140013531
99003	6	0	48	73.5596204783199	-25.5596204783199	3.114213981771	-9.55962047831985	64	0	8	0	8	0	2.15078869974241	0.67003359971568	57	2.35207459982485
99003	6	0	50	56.3099324740202	-6.30993247402024	-17.2496880042996	7.69006752597976	64	0	9	1	8	0	0.855344400275499	0.290222799871117	41	1.25091920001432
99003	6	0	65	52.3170072323248	12.6829927676752	-3.99292524169545	11.6829927676752	64	0	10	1	8	0	1.43435849994421	0.637694699689746	54	1.6180466003716
99003	6	0	55	58.5304931023229	-3.53049310232291	6.21348586999812	5.46950689767709	64	0	11	1	8	0	1.81409410014749	0.58304789988324	41	2.66846570000052
99003	6	0	52	56.8420761153278	-4.84207611532776	-1.68841698699515	7.15792388467224	64	0	12	1	8	0	0.803568799979985	0.0539400996640325	62	1.90182919986546
99003	6	0	66	55.4581800353954	10.5418199646046	-1.38389607993236	8.5418199646046	64	0	13	1	8	0	1.73321839980781	0.267883899621665	58	1.21788060013205
99003	6	0	78	60.2551187030577	17.7448812969422	4.79693866766234	3.74488129694225	64	0	14	0	8	0	1.95003459975123	0.618174999952316	72	1.88600809965283
99003	6	0	16	73.3007557660064	-57.3007557660064	13.0456370629486	-9.30075576600637	64	0	15	0	8	0	2.07980389986187	0.412322599906474	55	1.38431579992175
99003	6	0	77	32.5645584974723	44.4354415025277	-40.736197268534	31.4354415025277	64	0	16	1	8	0	1.80373719986528	0.0364901996217668	38	1.25082609988749
99003	6	0	64	64.9490221835571	-0.949022183557132	32.3844636860848	-0.949022183557132	64	0	17	1	8	0	1.89122560014948	0.493437300436199	35	1.51750489976257
99003	6	0	48	65.7597828103418	-17.7597828103418	0.810760626784713	-1.75978281034184	64	0	18	1	8	0	1.52170319994912	0.12139489967376	42	1.31772369984537
99003	6	0	60	59.1210004763876	0.878999523612428	-6.63878233395428	4.87899952361244	64	0	19	1	8	0	4.72500140033662	3.56094040023163	49	3.41894330037758
99003	6	0	88	59.366883207818	28.633116792182	0.245882731430413	4.63311679218202	64	0	20	1	8	0	1.45203089993447	0.320220900233835	56	1.21753639960662
99003	6	0	41	74.5142738430902	-33.5142738430902	15.1473906352722	-10.5142738430902	64	0	21	1	8	0	1.62994679994881	0.632197399623692	54	1.45127979991958
99003	6	0	73	58.5479389880005	14.4520610119995	-15.9663348550897	5.45206101199949	64	0	22	1	8	0	1.83760219998658	0.273527400102466	52	1.70118949981406
99003	6	0	60	67.2785018467807	-7.27850184678073	8.73056285878021	-3.27850184678073	64	0	23	1	8	0	1.34023880027235	0.425974300131202	41	2.16881249984726
99003	6	0	52	63.7333616429169	-11.7333616429169	-3.54514020386386	0.266638357083136	64	0	24	0	8	0	4.06844889977947	2.55319770006463	44	1.46894070040435
99003	6	0	56	57.1809160790056	-1.18091607900556	-6.5524455639113	6.81908392099444	64	0	25	1	8	0	1.88824849994853	0.420784099958837	55	2.26825700001791
99003	6	0	59	55.2221686336361	3.77783136636391	-1.95874744536946	8.7778313663639	64	0	26	1	8	0	1.19636439997703	0.0473163998685777	60	2.10264000017196
99003	6	0	74	64.8493720343242	9.15062796567583	9.62720340068807	-0.849372034324173	64	0	27	1	8	1	2.9289388996549	0.0606772997416556	61	1.98507589986548
99003	6	0	47	70.0620082557945	-23.0620082557945	5.21263622147029	-6.06200825579446	64	0	28	0	8	0	1.61447110027075	0.667034999933094	56	1.46844010008499
99003	6	0	86	60.1189436070853	25.8810563929147	-9.94306464870919	3.88105639291472	64	0	29	0	8	0	2.23265000013635	0.715896800160408	54	3.35244149994105
